,All_Data,Partition_1,Partition_2,Partition_3,Partition_4,Partition_5,Partition_6,Partition_Average
Sequence Length,0.009233407,0.010498832,0.010021647,0.006765343,0.008323014,0.0065090363,0.008434856,0.008425455
Molecular Weight,0.007721854,0.012308367,0.0039768666,0.01238871,0.008871059,0.01299781,0.01028825,0.010138511
GRAVY,0.0048425957,0.005121655,0.0065077795,0.008422859,0.008381957,0.0071075526,0.014064361,0.008267694
Isoelectric Point,0.0056141512,0.007062843,0.0040464983,0.0046348344,0.00502448,0.0052507045,0.0038442693,0.0049772714
Instability Index,0.022149615,0.021710094,0.021889409,0.016819866,0.021772634,0.01776536,0.014454229,0.019068599
Aromaticity,0.010465449,0.0065831216,0.0045504468,0.008548906,0.009217212,0.007179105,0.009244869,0.007553944
Charge at 7,0.0052255974,0.005604856,0.0077081905,0.0056557464,0.0064292867,0.0046594436,0.007369625,0.0062378584
Amino Acid Percent A,0.005096713,0.00480571,0.0048793564,0.0053197993,0.0049903244,0.005249975,0.0074673113,0.0054520797
Amino Acid Percent C,0.00654934,0.0067682266,0.0059270416,0.005484934,0.0056850486,0.0055446536,0.0044239615,0.0056389775
Amino Acid Percent D,0.0049457233,0.004262258,0.004689087,0.005614345,0.0040367744,0.007017125,0.0043794136,0.0049998336
Amino Acid Percent E,0.006219063,0.008830877,0.0054379245,0.0061602937,0.005072433,0.004980437,0.0058967355,0.0060631167
Amino Acid Percent F,0.0048354142,0.008397648,0.0069573373,0.006448159,0.007557301,0.008598204,0.008276337,0.0077058305
Amino Acid Percent G,0.0074688825,0.0064263744,0.006450086,0.0052281595,0.008322324,0.0076864325,0.007683905,0.006966213
Amino Acid Percent H,0.0058151623,0.0051740357,0.005346345,0.0057469015,0.005668284,0.005867655,0.004701855,0.0054175127
Amino Acid Percent I,0.0061322995,0.0067451885,0.004618264,0.006358181,0.003926306,0.00486891,0.0041229306,0.0051066303
Amino Acid Percent K,0.0053456267,0.0063904487,0.00531378,0.005340945,0.0048696706,0.0035419047,0.006944274,0.00540017
Amino Acid Percent L,0.004820312,0.004786178,0.005234087,0.006142714,0.005561879,0.0039896057,0.0068352656,0.0054249554
Amino Acid Percent M,0.00747008,0.007902054,0.007960349,0.0071685887,0.00782983,0.0068325037,0.007846821,0.0075900243
Amino Acid Percent N,0.005501459,0.0066886647,0.0044695786,0.005228721,0.005597395,0.005361934,0.004590622,0.005322819
Amino Acid Percent P,0.005912234,0.006368209,0.006729448,0.0060854703,0.008705465,0.005175464,0.005301634,0.006394282
Amino Acid Percent Q,0.006782106,0.007788738,0.007459801,0.011589796,0.006485794,0.0073459717,0.006360107,0.0078383675
Amino Acid Percent R,0.00481737,0.0050111106,0.0048630615,0.0049224515,0.0054320144,0.004926504,0.0043945503,0.004924949
Amino Acid Percent S,0.009395043,0.008616625,0.008447953,0.009466425,0.0075350134,0.008893491,0.010014564,0.008829012
Amino Acid Percent T,0.0051704063,0.004101679,0.005478955,0.004373924,0.004373172,0.0046737343,0.0047142645,0.004619288
Amino Acid Percent V,0.0043743993,0.0058200974,0.004540973,0.0046609864,0.0039201537,0.005898518,0.005357233,0.005032994
Amino Acid Percent W,0.005398839,0.005354598,0.0051708096,0.0069687758,0.0053380304,0.005674121,0.006545854,0.0058420314
Amino Acid Percent Y,0.005003753,0.0046728123,0.005473447,0.005974824,0.0053272517,0.004333766,0.0045983195,0.005063404
Molar Extinction Coefficient 1,0.004976896,0.0043475213,0.009435474,0.004110606,0.005749608,0.0066406615,0.005240923,0.005920799
Molar Extinction Coefficient 2,0.0073009026,0.0054191505,0.00518064,0.0054005077,0.009523098,0.007756792,0.0043931277,0.0062788855
Secondary Structure helix,0.0066510914,0.005806755,0.003922226,0.006252341,0.00626441,0.00544298,0.004669162,0.0053929794
Secondary Structure turn,0.0071941204,0.007692339,0.0068207565,0.007964721,0.0065295803,0.0070535634,0.00614351,0.0070340782
Secondary Structure sheet,0.024740495,0.041443408,0.03024012,0.029704971,0.028876698,0.047878094,0.05477476,0.038819674
aliphatic_aliphatic,0.007914905,0.009054833,0.006759098,0.008417545,0.006690118,0.0091493195,0.007826219,0.007982856
aliphatic_positive,0.0043540886,0.005502504,0.004103084,0.0033956254,0.0036398454,0.0041586906,0.004206879,0.0041677714
aliphatic_negative,0.0071267295,0.006443008,0.00984112,0.0068955407,0.0071063666,0.0051536025,0.0063972226,0.00697281
aliphatic_uncharged,0.004828318,0.0044864276,0.0039592967,0.0055863704,0.0048798486,0.0040820623,0.006001207,0.004832536
aliphatic_aromatic,0.00413727,0.004349975,0.004385842,0.0057331533,0.0041346173,0.0040321993,0.007330543,0.004994388
positive_aliphatic,0.004691402,0.005166069,0.004658286,0.004668051,0.0051174057,0.0046398197,0.0033388413,0.004598079
positive_positive,0.004625745,0.0041492227,0.004626561,0.005252918,0.0044599576,0.0033803436,0.006639596,0.004751433
positive_negative,0.0040572095,0.004958307,0.0040961225,0.005296386,0.0043281494,0.003786533,0.0045520808,0.0045029297
positive_uncharged,0.0033456911,0.0060566207,0.005195083,0.0046673366,0.0039376086,0.003831446,0.004384001,0.004678683
positive_aromatic,0.0042133923,0.0049136044,0.00405551,0.0041324194,0.0046543246,0.0034236307,0.0064149625,0.0045990753
negative_aliphatic,0.007063236,0.006522387,0.0043218727,0.009000978,0.0062272255,0.005158405,0.0077690966,0.006499994
negative_positive,0.003900624,0.0055676783,0.0041037416,0.005109926,0.0051414575,0.0042603705,0.0050651412,0.0048747193
negative_negative,0.0052744364,0.007834803,0.0041769575,0.0042026197,0.004152247,0.0054046107,0.005477445,0.0052081137
negative_uncharged,0.004626987,0.006143203,0.0036369571,0.005116453,0.004193424,0.0061871195,0.0031701906,0.0047412245
negative_aromatic,0.005026482,0.0049685603,0.0047034947,0.0070867976,0.0071265884,0.0073517086,0.0063435035,0.006263442
uncharged_aliphatic,0.0049040504,0.0065239486,0.0046572047,0.0043324116,0.004810456,0.0056628003,0.004386541,0.005062227
uncharged_positive,0.003988102,0.004059411,0.004473559,0.0037336848,0.004473741,0.0041112523,0.004759241,0.004268482
uncharged_negative,0.0045470255,0.0067503694,0.0055622603,0.0060648415,0.005185473,0.00434201,0.004456246,0.0053935335
uncharged_uncharged,0.0066938936,0.0071287616,0.007163816,0.007966098,0.007141208,0.0076710135,0.007850944,0.0074869744
uncharged_aromatic,0.00521382,0.0054941196,0.004003881,0.00629352,0.0040994873,0.0048288675,0.005907186,0.00510451
aromatic_aliphatic,0.014717953,0.01222403,0.013801436,0.013737456,0.014251633,0.017640682,0.019259201,0.015152406
aromatic_positive,0.0059095663,0.005594999,0.005422676,0.0047071916,0.007015948,0.0051602554,0.005799767,0.0056168064
aromatic_negative,0.00574022,0.009186939,0.005538189,0.0063756704,0.005456132,0.004454953,0.0069691343,0.0063301697
aromatic_uncharged,0.0053683617,0.0060237814,0.005083905,0.00652252,0.003281044,0.003933788,0.0036488082,0.0047489745
aromatic_aromatic,0.004403992,0.005875086,0.0052377935,0.0054890634,0.006405773,0.0038091005,0.0060307244,0.0054745898
Glycosylation,0.0265408,0.026550371,0.026291767,0.019117884,0.028268632,0.025584843,0.016921923,0.023789236
Cross-link,0.008273232,0.011723578,0.008778434,0.004947748,0.007348315,0.008876603,0.008119436,0.008299019
Modified residue,0.029365437,0.029410334,0.027579557,0.02700756,0.02528512,0.028673526,0.026360648,0.027386123
Signal,0.0077129076,0.00305225,0.013756251,0.014982128,0.009503367,0.010965491,0.0044429703,0.0094504105
Disulfide bond,0.017147198,0.02238466,0.018373584,0.017899206,0.019373367,0.0216305,0.02060362,0.020044157
O-linked,0.008166,0.013257561,0.007863287,0.014217847,0.009694601,0.0038603737,0.0078590475,0.009458787
N-linked,0.006747094,0.007212967,0.0079926215,0.012052803,0.004513739,0.0077004847,0.029903553,0.011562695
C-linked,0.0,0.0,0.0,0.0,0.0,0.0,0.0,0.0
N-beta-linked,0.0,0.0,0.0,0.0,0.0,0.0,0.0,0.0
S-linked,0.0,0.0,0.0,0.0,0.0,0.0,0.0,0.0
O-alpha-linked,0.0,0.0,0.0,0.0,0.0,0.0,0.0,0.0
binary_count,0.007530721,0.0055318875,0.008542869,0.006013481,0.0024541244,0.0058275145,0.009108453,0.006246388
binary_experimental_count,0.0053908406,0.009072079,0.0038696164,0.007744191,0.0074905064,0.008265164,0.0064880247,0.0071549304
xeno_count,0.010205343,0.01276356,0.014745581,0.018073183,0.007265334,0.011104673,0.008937548,0.012148312
xeno_experimental_count,0.0081953015,0.013590258,0.016328374,0.009211389,0.018022278,0.024105897,0.012623511,0.015646951
degree_binary,0.005561534,0.005553419,0.008024836,0.006274355,0.009060413,0.0060979687,0.0047351825,0.006624363
degree_xeno,0.0,0.0,0.0,0.0,0.0,0.0,0.0,0.0
degree_all,0.0,0.0,0.0,0.0,0.0,0.0,0.0,0.0
avg_degree_nbr_binary,0.0038061864,0.006138336,0.0060033943,0.0065266783,0.005693272,0.006616547,0.005392412,0.0060617737
avg_degree_nbr_xeno,0.0,0.0,0.0,0.0,0.0,0.0,0.0,0.0
avg_degree_nbr_all,0.0,0.0,0.0,0.0,0.0,0.0,0.0,0.0
strongly_connected_component_sizes_all,0.008189012,0.008309884,0.008362015,0.014457458,0.009943696,0.007004583,0.0095583815,0.009606003
late endosome,0.0019033484,0.0,0.0,0.0,0.0034516638,0.0,0.0,0.0005752773
cleavage furrow,0.0,0.0,0.0,0.0,0.0,0.0,0.0,0.0
postsynapse,0.011265956,0.012310521,0.0078025786,0.008364626,0.0028398703,0.0075691845,0.009246418,0.008022199
microsome,0.026374023,0.0100659765,0.011531391,0.012545369,0.013844923,0.01519902,0.015251111,0.013072965
cytoplasm,0.010336978,0.0063140164,0.01359836,0.0056215595,0.009604855,0.013932613,0.019304525,0.011395988
synapse,0.0,0.0,0.0,0.0,0.0065546273,0.0,0.0,0.0010924379
rough endoplasmic reticulum,0.003658723,0.0,0.0,0.0,0.0,0.0,0.0,0.0
chromosome,0.001709357,0.0,0.0,0.010935413,0.016065368,0.008242458,0.0,0.0058738734
sarcoplasmic reticulum,0.0,0.0,0.0,0.0,0.0,0.0,0.0,0.0
lateral cell membrane,0.0,0.0,0.0,0.0,0.0,0.0,0.0,0.0
nucleus,0.010378125,0.010474625,0.009342685,0.015956154,0.02234616,0.011177135,0.012314085,0.013601807
secreted,0.016936524,0.010902327,0.011656989,0.01044612,0.023776384,0.011781612,0.012657118,0.013536759
endosome,0.0031478456,0.0071108737,0.0,0.0,0.007238769,0.0,0.009677808,0.0040045753
golgo apparatus,0.015700454,0.007966263,0.01006039,0.014031812,0.014678444,0.008037006,0.011009093,0.010963835
zymogen granule,0.0,0.0,0.0,0.0,0.0,0.0,0.0,0.0
vesicle,0.0,0.0,0.0,0.0,0.0,0.0,0.0,0.0
lysosome,0.0,0.0,0.01206248,0.010849941,0.0035356448,0.0,0.0,0.0044080107
cytoplasmic vesicle,0.008623006,0.0023326003,0.00989982,0.0037973162,0.012334696,0.0051290384,0.0075991405,0.0068487693
membrane,0.0072350255,0.011021495,0.0058155106,0.012967293,0.0,0.0043496494,0.0120440945,0.0076996735
recycling endosome,0.0,0.0,0.0,0.0,0.005354461,0.0,0.0,0.0008924101
target cell membrane,0.0,0.0,0.0,0.0,0.0,0.0,0.0,0.0
cytoplasmic granule,0.0,0.0,0.0,0.0,0.0,0.0,0.0,0.0
parasitophorous vacuole,0.0,0.0,0.0,0.0,0.0,0.0,0.0,0.0
vacuole membrane,0.0,0.0,0.0,0.0,0.0,0.0,0.0,0.0
extracellular vessicle,0.0,0.0,0.0,0.0,0.0,0.0,0.0,0.0
cell membrane,0.023125272,0.011333662,0.021142429,0.01363919,0.015710244,0.018009651,0.01610275,0.015989654
golgi outpost,0.0,0.0,0.0,0.0,0.0,0.0,0.0,0.0
early endosome,0.0033048943,0.0040462036,0.0046918667,0.0042031566,0.004427817,0.0033149181,0.0022246116,0.0038180957
cornified envelope,0.0,0.0,0.0,0.0,0.0,0.0,0.0,0.0
virion,0.0,0.0,0.0,0.0,0.0,0.0,0.0,0.0
melanosome,0.0,0.0,0.0,0.0,0.0,0.0,0.0,0.0
vacuole,0.0,0.0,0.0,0.0,0.0,0.0,0.0,0.0
endomembrane system,0.0,0.0,0.0,0.0,0.0,0.0,0.0,0.0
photoreceptor,0.0,0.0,0.0,0.0,0.0,0.0,0.0,0.0
cell surface,0.0,0.0,0.0,0.0,0.0,0.0,0.0,0.0
inflammasome,0.0,0.0,0.0,0.0,0.0,0.0,0.0,0.0
midbody,0.0036168809,0.0,0.0,0.0,0.004619144,0.0,0.0,0.0007698573
lipid droplet,0.0,0.0,0.0,0.0,0.0,0.0,0.0,0.0
presynapse,0.0,0.0014031251,0.0,0.0,0.0,0.0,0.0,0.00023385418
endoplasmic reticulum,0.0037511783,0.010768891,0.0058953795,0.0031614916,0.0144221075,0.005269179,0.0071424865,0.0077765887
preautophagosomal structure,0.0,0.0,0.0,0.0,0.0,0.0036953834,0.0,0.00061589724
cell projection,0.0020520694,0.0,0.0,0.0049126064,0.0026471522,0.0,0.01094149,0.0030835413
cytolitic granule,0.0,0.0,0.0,0.0,0.0,0.0,0.0,0.0
cell junction,0.0041533355,0.0026188898,0.0007806556,0.0042208433,0.0064772656,0.00574015,0.006136951,0.004329126
dynein axonemal particle,0.0,0.0,0.0,0.0,0.0,0.0,0.0,0.0
mitochondrion,0.015382877,0.01430873,0.016679697,0.013195039,0.016437247,0.017741317,0.014407363,0.015461567
perikaryon,0.0,0.0,0.0,0.0,0.0,0.0,0.0,0.0
peroxisome,0.0,0.0,0.00532917,0.0,0.0,0.0,0.0,0.00088819495
smooth endoplasmic reticulum membrane,0.0,0.0,0.0,0.0,0.0,0.0,0.0,0.0
myelin membrane,0.0,0.0,0.0,0.0,0.0,0.0,0.0,0.0
rrm,0.0032362542,0.0009672402,0.009376109,0.0029155803,0.004310725,0.0048799664,0.0,0.0037416033
acidic residues,0.0,0.0,0.0,0.0,0.0,0.0,0.0058310507,0.0009718418
ph,0.0,0.0,0.0,0.0,0.0,0.0037380487,0.003906884,0.0012741555
krab,0.0,0.0,0.0,0.0,0.0,0.0,0.0,0.0
pdz,0.0042579137,0.0009747299,0.0052470607,0.0,0.0,0.0,0.0038615481,0.0016805566
btb,0.004839895,0.0053633708,0.006921411,0.00591729,0.0046635233,0.006276576,0.0040280456,0.0055283695
nuclear localization signal,0.0016737065,0.0,0.0044599897,0.010096939,0.0,0.0,0.0,0.002426155
fibronectin type-iii,0.002512885,0.0,0.011603948,0.0,0.0015358303,0.0025309243,0.0,0.0026117836
disordered,0.007736176,0.0071633086,0.017432999,0.0053636115,0.010232344,0.0058554355,0.009711136,0.009293138
ig-like v-type,0.004078566,0.010355053,0.0,0.0,0.0,0.018449135,0.0,0.004800698
ef-hand,0.02935851,0.0044748476,0.0,0.018516082,0.0,0.014990365,0.0,0.006330216
sh3,0.0,0.010993728,0.0,0.0,0.0039838217,0.0139562255,0.0,0.0048222956
ig-like,0.0042225085,0.018786378,0.0042217127,0.0,0.0,0.0019905872,0.0,0.004166446
pro residues,0.0088477945,0.0,0.022815404,0.009433091,0.0028216161,0.0,0.0,0.005845019
protein kinase,0.05486491,0.038584143,0.04234042,0.044086643,0.0484125,0.04726159,0.044362716,0.04417467
ig-like c2-type,0.0038356094,0.0,0.014706935,0.009636115,0.0043133995,0.005588759,0.0070060007,0.006875202
basic and acidic residues,0.004711262,0.0031738929,0.008625022,0.0065634754,0.0014500665,0.0024025585,0.0072877775,0.004917132
basic residues,0.0,0.0,0.0,0.0,0.0,0.006282343,0.0,0.0010470572
egf-like,0.0,0.0,0.0,0.0,0.0,0.0,0.0,0.0
polar residues,0.0033235257,0.012230839,0.0023557828,0.0032638588,0.0049485485,0.0031587598,0.002319378,0.0047128615
Mean,0.007820431,0.009819448,0.0055645215,0.0052898442,0.009248804,0.006841587,0.008600133,0.0075607225
Mode,0.0040017427,0.004768411,0.0037914396,0.005133813,0.004927045,0.0042004674,0.0037170972,0.0044230456
Min,0.005756517,0.005075845,0.0045664874,0.0050021405,0.004782794,0.0046580336,0.0047724764,0.0048096296
Max,0.0038403536,0.00458254,0.004493184,0.006182548,0.005554689,0.0039442894,0.0045515667,0.0048848027
Variance,0.0061044088,0.0048104944,0.0051463586,0.004978447,0.005384241,0.0063992147,0.005077781,0.005299423
Median,0.015597729,0.009598152,0.014276843,0.008435532,0.011272467,0.0072847176,0.003119775,0.008997914
Standard Deviation,0.0,0.0,0.0,0.0,0.0,0.0,0.0,0.0
Range,0.004391453,0.0041056736,0.0059077297,0.0042390064,0.0033561687,0.0044544125,0.0046889763,0.004458661
Min gap,0.0044566845,0.0046874173,0.0040748296,0.005004953,0.0045237793,0.0049154186,0.0041474104,0.004558968
Max gap,0.0048221974,0.0042023133,0.0045315525,0.004960466,0.005631466,0.0040017013,0.004128199,0.0045759496
Average gap,0.0041692285,0.0044100303,0.004760781,0.0046327547,0.0033318212,0.0036127977,0.005488456,0.0043727737
Min 2-hop gap,0.004318002,0.0042443154,0.003202707,0.004773452,0.0041338815,0.002982951,0.00400231,0.0038899363
Max 2-hop gap,0.0042809723,0.0040269587,0.003939816,0.005362525,0.004969192,0.005022011,0.003758951,0.0045132427
Average 2-hop gap,0.005237042,0.00428569,0.0039508203,0.004329714,0.0048088073,0.0033335066,0.005852995,0.004426922
Latent_Value_1,0.00457131,0.006688556,0.0035451346,0.0035468615,0.004472931,0.004604383,0.0091123525,0.00532837
Latent_Value_2,0.0051243166,0.005108409,0.0052860985,0.0032151928,0.007370974,0.004457185,0.0054266965,0.0051440927
Latent_Value_3,0.004236689,0.007225422,0.0062713055,0.004856215,0.004266779,0.0032164534,0.0045390483,0.005062537
Latent_Value_4,0.00418307,0.0040604374,0.0045420043,0.006053011,0.004910889,0.007006484,0.004798807,0.0052286056
Latent_Value_5,0.0037988413,0.0065370565,0.004793005,0.003801222,0.0047938405,0.006065956,0.0056044967,0.0052659293
Latent_Value_6,0.004260897,0.003860746,0.004328036,0.004283231,0.002795221,0.0038911554,0.003879006,0.0038395661
Latent_Value_7,0.00428782,0.008322249,0.003562133,0.003994362,0.003854561,0.003463879,0.004737554,0.00465579
Latent_Value_8,0.0051386016,0.004245902,0.004858512,0.0026231047,0.004527944,0.006301953,0.004789357,0.0045577954
Latent_Value_9,0.004704712,0.0040997346,0.005346985,0.004257483,0.0039267177,0.004165723,0.003935917,0.00428876
Latent_Value_10,0.0043238923,0.0040091826,0.0048723333,0.0069995904,0.0027855933,0.004543701,0.004143585,0.0045589977
Latent_Value_11,0.005027297,0.0057405033,0.005529325,0.006780551,0.004130925,0.0031415678,0.0045278543,0.004975121
Latent_Value_12,0.007154402,0.0027569945,0.007758382,0.0036453956,0.0057684,0.0030475599,0.00657416,0.0049251486
Latent_Value_13,0.0040508714,0.0041494626,0.007017329,0.003804028,0.003896779,0.0039959666,0.0038962981,0.004459977
Latent_Value_14,0.004387912,0.0052394965,0.0037887313,0.004167161,0.005180845,0.0056631085,0.0038035028,0.0046404744
Latent_Value_15,0.0044452124,0.0033776357,0.0033379507,0.0057654213,0.003817632,0.0057996847,0.003698225,0.004299425
Latent_Value_16,0.00434446,0.006517702,0.004632911,0.0064844103,0.0045006103,0.0035304667,0.0047002267,0.0050610546
Latent_Value_17,0.004677686,0.00476346,0.0045118444,0.005058226,0.0034845576,0.003907743,0.004441507,0.004361223
Latent_Value_18,0.0040656463,0.005514203,0.0055473014,0.0050496506,0.0044192495,0.004757975,0.0030381042,0.0047210804
Latent_Value_19,0.0041437745,0.0047739823,0.0022361276,0.0065321405,0.0060675037,0.009017579,0.006206017,0.005805558
Latent_Value_20,0.0054449923,0.010305494,0.0038036124,0.0068526748,0.007039413,0.0065900525,0.0034502635,0.006340252
